-- ============================================================
-- Crewise DB Sample DML
-- MySQL 8.0
-- 작성일: 2026-05-15
-- ============================================================
-- 주의: USER_PW 는 SHA-256 해시값 (평문: 'Password1!')
-- ============================================================

SET FOREIGN_KEY_CHECKS = 0;

-- ============================================================
-- 1. USER
-- ============================================================
INSERT INTO `USER` (`USER_ID`, `USER_EMAIL`, `USER_PW`, `USER_NAME`, `USER_TEL`) VALUES
('01HWA00000000000000000001', 'alice@example.com',   '0b14d501a594442a01c6859541bcb3e8164d183d32937b851835442f69d5c94e', '김지수', '01012345678'),
('01HWA00000000000000000002', 'bob@example.com',     '0b14d501a594442a01c6859541bcb3e8164d183d32937b851835442f69d5c94e', '박현우', '01023456789'),
('01HWA00000000000000000003', 'carol@example.com',   '0b14d501a594442a01c6859541bcb3e8164d183d32937b851835442f69d5c94e', '이서연', '01034567890'),
('01HWA00000000000000000004', 'dave@example.com',    '0b14d501a594442a01c6859541bcb3e8164d183d32937b851835442f69d5c94e', '최민준', '01045678901'),
('01HWA00000000000000000005', 'emma@example.com',    '0b14d501a594442a01c6859541bcb3e8164d183d32937b851835442f69d5c94e', '정하은', '01056789012');

-- ============================================================
-- 2. USER_IMG
-- ============================================================
INSERT INTO `USER_IMG` (`IMG_ID`, `USER_ID`, `IMG_FILE_KEY`) VALUES
(1, '01HWA00000000000000000001', 'users/01HWA00000000000000000001/profile_01.jpg'),
(2, '01HWA00000000000000000002', 'users/01HWA00000000000000000002/profile_01.jpg'),
(3, '01HWA00000000000000000003', 'users/01HWA00000000000000000003/profile_01.jpg'),
(4, '01HWA00000000000000000004', 'users/01HWA00000000000000000004/profile_01.jpg'),
(5, '01HWA00000000000000000005', 'users/01HWA00000000000000000005/profile_01.jpg');

-- ============================================================
-- 3. TEAM
-- ============================================================
INSERT INTO `TEAM` (`TEAM_ID`, `TEAM_NAME`, `TEAM_IMG`, `TEAM_INFO`, `TEAM_CATEGORY`, `CURRENT_MEMBERS`, `MAX_MEMBERS`, `CODE`) VALUES
('TM00000001', '독서클럽 봄',  'teams/TM00000001/cover.jpg', '매주 토요일 오전 10시 독서모임입니다. 다양한 장르의 책을 함께 읽어요!', '독서',  4, 10, 'READ2024'),
('TM00000002', '런닝크루 서울', 'teams/TM00000002/cover.jpg', '한강을 중심으로 주 3회 달리는 러닝 모임입니다. 페이스 무관 환영!',      '스포츠', 3, 15, 'RUN2024S');

-- ============================================================
-- 4. MEMBER
-- USER_IMG_ID → USER_IMG.IMG_ID 참조
-- ============================================================
-- 팀1: 독서클럽 봄
INSERT INTO `MEMBER` (`MEM_ID`, `MEM_NIC`, `MEM_ROLE`, `MEM_STATE`, `REG_DTM`, `PROC_DTM`, `USER_ID`, `TEAM_ID`, `USER_IMG_ID`) VALUES
('01HWB00000000000000000001', '책읽는지수', 'L', 'A', '2026-03-01 09:00:00', '2026-03-01 09:00:00', '01HWA00000000000000000001', 'TM00000001', 1),
('01HWB00000000000000000002', '문학소년',   'S', 'A', '2026-03-02 10:30:00', '2026-03-02 11:00:00', '01HWA00000000000000000002', 'TM00000001', 2),
('01HWB00000000000000000003', '책벌레서연', 'M', 'A', '2026-03-05 14:00:00', '2026-03-05 15:00:00', '01HWA00000000000000000003', 'TM00000001', 3),
('01HWB00000000000000000004', '독서왕민준', 'M', 'A', '2026-03-10 09:20:00', '2026-03-10 10:00:00', '01HWA00000000000000000004', 'TM00000001', 4),
-- 팀2: 런닝크루 서울
('01HWB00000000000000000005', '달리는하은', 'L', 'A', '2026-04-01 07:00:00', '2026-04-01 07:00:00', '01HWA00000000000000000005', 'TM00000002', 5),
('01HWB00000000000000000006', '한강러너',   'M', 'A', '2026-04-03 08:00:00', '2026-04-03 09:00:00', '01HWA00000000000000000001', 'TM00000002', 1),
-- 대기 중인 멤버
('01HWB00000000000000000007', '조깅초보',   'M', 'W', '2026-05-14 20:00:00', NULL,                  '01HWA00000000000000000002', 'TM00000002', 2);

-- ============================================================
-- 5. EVENTS
-- ============================================================
INSERT INTO `EVENTS` (`EVT_ID`, `EVT_TITLE`, `EVT_CONTENT`, `EVT_START_DT`, `EVT_END_DT`, `EVT_REG_DTM`, `TEAM_ID`) VALUES
(1, '5월 정기모임',      '이달의 책: 채식주의자 (한강)\n장소: 강남구 서초구립반포도서관 세미나실',        '2026-05-24', '2026-05-24', '2026-05-01 10:00:00', 'TM00000001'),
(2, '6월 북토크',        '외부 작가 초청 북토크 행사입니다. 신청 후 참여 가능.',                          '2026-06-14', '2026-06-14', '2026-05-10 11:00:00', 'TM00000001'),
(3, '한강 새벽 런닝',    '여의도 한강공원 당산철교 하단 집결\n거리: 약 8km / 페이스: 6:00~7:00/km',       '2026-05-17', '2026-05-17', '2026-05-12 19:00:00', 'TM00000002'),
(4, '마라톤 대회 참가',  '2026 서울 마라톤 단체 참가 신청 완료. 5km/10km 코스 중 선택 가능.',             '2026-06-07', '2026-06-07', '2026-05-13 09:00:00', 'TM00000002');

-- ============================================================
-- 6. NOTICES
-- ============================================================
INSERT INTO `NOTICES` (`NOTI_ID`, `NOTI_TITLE`, `NOTI_CONTENT`, `NOTI_FIX`, `REG_DTM`, `MOD_DTM`, `TEAM_ID`) VALUES
(1, '[필독] 모임 운영 규칙',    '1. 모임 당일 불참 시 24시간 전 공지\n2. 발표자는 당월 책 요약 5분 준비\n3. 모임비 월 5,000원', 'Y', '2026-03-01 09:30:00', NULL,                  'TM00000001'),
(2, '5월 선정도서 안내',        '이번 달 선정 도서는 한강 작가의 채식주의자입니다. 모임 전까지 완독 부탁드립니다.',             'N', '2026-05-02 10:00:00', '2026-05-03 08:00:00', 'TM00000001'),
(3, '[필독] 런닝크루 안전수칙', '1. 야간 런닝 시 반사 조끼 착용\n2. 이어폰 한쪽만 착용\n3. 집결 후 개인행동 금지',            'Y', '2026-04-01 07:30:00', NULL,                  'TM00000002'),
(4, '5월 출석 이벤트 안내',     '5월 런닝 3회 이상 참여 시 스포츠 양말 증정! 많은 참여 부탁드립니다.',                        'N', '2026-05-01 08:00:00', NULL,                  'TM00000002');

-- ============================================================
-- 7. VOTE
-- ============================================================
INSERT INTO `VOTE` (`VOTE_ID`, `VOTE_TITLE`, `VOTE_CONTENT`, `VOTE_START_DT`, `VOTE_END_DT`, `VOTE_TYPE`, `VOTE_RULE`, `VOTE_MULTI`, `VOTE_REG_DTM`, `TEAM_ID`) VALUES
(1, '6월 모임 장소 선정',    '다음 달 모임 장소를 투표로 결정합니다. 편한 곳에 투표해주세요.',      '2026-05-15', '2026-05-21', 'N', 'V', 'N', '2026-05-15 09:00:00', 'TM00000001'),
(2, '추가 런닝 요일 선택',   '주 1회 추가 런닝 요일을 선택해주세요. 복수 선택 가능합니다.',         '2026-05-15', '2026-05-20', 'N', 'V', 'Y', '2026-05-15 08:00:00', 'TM00000002');

-- ============================================================
-- 8. VOTE_OPTION
-- ============================================================
INSERT INTO `VOTE_OPTION` (`OPT_SN`, `OPT_CONTENT`, `VOTE_ID`) VALUES
-- 투표1: 장소 선정
(1, '강남구 서초구립반포도서관',  1),
(2, '마포구 망원한강공원 카페',   1),
(3, '종로구 부암동 북카페',       1),
-- 투표2: 런닝 요일 (다중선택)
(4, '화요일',   2),
(5, '목요일',   2),
(6, '일요일',   2);

-- ============================================================
-- 9. VOTE_HISTORY
-- VOTE_ID, MEM_ID, OPT_SN 복합 PK (다중투표 지원)
-- ============================================================
INSERT INTO `VOTE_HISTORY` (`VOTE_ID`, `MEM_ID`, `OPT_SN`) VALUES
-- 투표1: 장소 (단일선택)
(1, '01HWB00000000000000000001', 1),
(1, '01HWB00000000000000000002', 2),
(1, '01HWB00000000000000000003', 1),
-- 투표2: 요일 (다중선택 — 한 멤버가 여러 OPT_SN 선택 가능)
(2, '01HWB00000000000000000005', 4),
(2, '01HWB00000000000000000005', 6),
(2, '01HWB00000000000000000006', 5),
(2, '01HWB00000000000000000006', 6);

-- ============================================================
-- 10. MEETING_RECORD
-- ============================================================
INSERT INTO `MEETING_RECORD` (`MEETING_ID`, `MEETING_TITLE`, `FULL_SCRIPT`, `AI_SUMMARY`, `REG_DTM`, `TEAM_ID`) VALUES
(1,
 '독서클럽 봄 4월 정기모임 회의록',
 '김지수: 안녕하세요, 오늘 모임을 시작하겠습니다. 이번 달 책은 어떠셨나요?\n박현우: 주인공의 심리 묘사가 인상 깊었습니다. 특히 3장에서...\n이서연: 저는 작가의 문체가 독특하다고 느꼈어요. 간결하면서도 강렬한...\n최민준: 결말 부분이 다소 열린 결말이라 다양한 해석이 가능한 것 같아요.',
 '**핵심 논의 내용**\n- 주인공 심리 변화 과정에 대한 다양한 해석 공유\n- 작가의 문체적 특징 분석 (간결성, 상징성)\n- 열린 결말에 대한 각자의 해석 교환\n\n**다음 모임 결정사항**\n- 5월 선정도서: 채식주의자 (한강)\n- 일시: 2026-05-24 10:00\n- 장소: 투표로 결정 예정',
 '2026-04-26 10:45:00', 'TM00000001');

-- ============================================================
-- 11. REC_FILE
-- ============================================================
INSERT INTO `REC_FILE` (`REC_FILE_ID`, `MEETING_ID`, `REC_FILE_KEY`) VALUES
(1, 1, 'meetings/TM00000001/1/recording_20260426.m4a');

-- ============================================================
-- 12. MISSION
-- ============================================================
INSERT INTO `MISSION` (`MISSION_ID`, `MISSION_TITLE`, `MISSION_CONTENT`, `MISSION_TYPE`, `VERIFY_PROMPT`, `MISSION_START_DTM`, `MISSION_END_DTM`, `TEAM_ID`) VALUES
(1, '5월 독서 인증',       '이번 달 선정 도서 채식주의자를 읽고 인상 깊은 구절과 감상을 작성해주세요.',   'P', '첨부 이미지에 책 표지 또는 책의 특정 페이지가 명확히 보이는지 확인하세요. 텍스트에 책 제목(채식주의자)과 50자 이상의 감상이 포함되어 있으면 승인하세요.',    '2026-05-01 00:00:00', '2026-05-23 23:59:59', 'TM00000001'),
(2, '한강 런닝 5km 완주',  '한강 코스 5km 이상을 달리고 러닝 앱 결과 화면을 인증해주세요.',             'P', '첨부 이미지에 러닝 앱 화면이 보여야 합니다. 거리 5km 이상, 날짜가 미션 기간 내에 해당하는지 확인하세요. 조건 충족 시 승인하세요.',                             '2026-05-01 00:00:00', '2026-05-31 23:59:59', 'TM00000002'),
(3, '크루 단체 런닝 참여',  '런닝크루 공식 런닝에 3회 이상 참여하고 단체 사진을 인증해주세요.',           'A', '첨부 이미지에 2인 이상이 함께 찍힌 사진이 있어야 합니다. 런닝복 또는 운동복을 착용하고 있는지 확인하세요.',                                                 '2026-05-01 00:00:00', '2026-05-31 23:59:59', 'TM00000002');

-- ============================================================
-- 13. MISSION_FILE
-- ============================================================
INSERT INTO `MISSION_FILE` (`MISSION_FILE_SN`, `MISSION_FILE_KEY`, `MISSION_ID`) VALUES
(1, 'missions/TM00000001/1/guide_image.jpg',  1),
(2, 'missions/TM00000002/2/sample_strava.jpg', 2);

-- ============================================================
-- 14. MISSION_VERIFY
-- ============================================================
INSERT INTO `MISSION_VERIFY` (`VERIFY_ID`, `VERIFY_CONTENT`, `VERIFY_REG_DTM`, `AI_REJECT_YN`, `AI_RESULT`, `VERIFY_STATE`, `MISSION_ID`, `MEM_ID`) VALUES
-- 미션1: 독서 인증
(1, '채식주의자를 읽으며 가장 인상 깊었던 부분은 영혜가 꿈에서 나무가 되는 장면입니다. 인간이 식물이 되고자 하는 욕망이 사회적 억압에 대한 은유처럼 느껴졌어요.',
    '2026-05-10 14:22:00', 'N', '책 제목(채식주의자) 확인됨. 감상 텍스트 75자로 기준 충족. 책 표지 이미지 첨부 확인됨. 승인합니다.', 'A', 1, '01HWB00000000000000000002'),
(2, '좋은 책이었습니다.',
    '2026-05-11 09:05:00', 'Y', '감상 텍스트가 50자 미만(14자)으로 기준 미달입니다. 더 상세한 감상을 작성해주세요.', 'R', 1, '01HWB00000000000000000003'),
-- 미션2: 런닝 인증 (강제 승인 포함)
(3, '오늘 한강 여의도 코스 6.2km 완주했습니다! 날씨가 너무 좋았어요.',
    '2026-05-13 07:45:00', 'N', '러닝 앱 화면 확인됨. 거리 6.2km로 5km 기준 초과. 미션 기간 내 날짜 확인됨. 승인합니다.', 'A', 2, '01HWB00000000000000000006'),
(4, '어제 달렸는데 캡처를 못했어요. 관리자님 확인 부탁드립니다.',
    '2026-05-14 18:00:00', 'Y', '러닝 앱 화면이 첨부되지 않아 인증 기준을 충족하지 못했습니다.', 'F', 2, '01HWB00000000000000000005');

-- ============================================================
-- 15. VERIFY_FILE
-- ============================================================
INSERT INTO `VERIFY_FILE` (`VERIFY_FILE_ID`, `VERIFY_FILE_KEY`, `VERIFY_ID`) VALUES
(1, 'verifies/1/book_cover.jpg',     1),
(2, 'verifies/3/running_app.jpg',    3);

-- ============================================================
-- 16. NEWS
-- ============================================================
INSERT INTO `NEWS` (`NEWS_ID`, `TARGET_TYPE`, `TARGET_ID`, `NEWS_CONTENT`, `TEAM_ID`, `CREATED_AT`) VALUES
-- 독서클럽 봄
(1,  'M', NULL, '문학소년님이 모임에 가입했어요!',                   'TM00000001', '2026-03-02 11:00:00'),
(2,  'M', NULL, '책벌레서연님이 모임에 가입했어요!',                 'TM00000001', '2026-03-05 15:00:00'),
(3,  'M', NULL, '독서왕민준님이 모임에 가입했어요!',                 'TM00000001', '2026-03-10 10:00:00'),
(4,  'N', 2,    '새 공지사항이 등록됐어요: 5월 선정도서 안내',       'TM00000001', '2026-05-02 10:00:00'),
(5,  'E', 1,    '새 일정이 등록됐어요: 5월 정기모임',               'TM00000001', '2026-05-01 10:00:00'),
(6,  'V', 1,    '새 투표가 시작됐어요: 6월 모임 장소 선정',         'TM00000001', '2026-05-15 09:00:00'),
(7,  'I', 1,    '4월 정기모임 AI 회의록이 생성됐어요!',             'TM00000001', '2026-04-26 11:00:00'),
(8,  'A', 1,    '문학소년님이 미션을 완료했어요: 5월 독서 인증',    'TM00000001', '2026-05-10 14:25:00'),
-- 런닝크루 서울
(9,  'M', NULL, '한강러너님이 모임에 가입했어요!',                   'TM00000002', '2026-04-03 09:00:00'),
(10, 'V', 2,    '새 투표가 시작됐어요: 추가 런닝 요일 선택',        'TM00000002', '2026-05-15 08:00:00'),
(11, 'A', 3,    '한강러너님이 미션을 완료했어요: 한강 런닝 5km 완주', 'TM00000002', '2026-05-13 07:50:00');

-- ============================================================
-- 17. COMMENTS
-- 신규모임원(M), 미션인증성공(A) 소식에만 허용
-- ============================================================
INSERT INTO `COMMENTS` (`CMT_ID`, `CMT_CONTENT`, `CMT_REG_DTM`, `CMT_MOD_DTM`, `NEWS_ID`, `MEM_ID`) VALUES
(1, '환영합니다! 함께 책 읽어요 :)',         '2026-03-02 11:30:00', NULL,                  1, '01HWB00000000000000000001'),
(2, '반갑습니다~ 잘 부탁드려요!',            '2026-03-05 15:30:00', NULL,                  2, '01HWB00000000000000000002'),
(3, '어서오세요! 모임 규칙 꼭 읽어보세요.',  '2026-03-10 10:20:00', '2026-03-10 11:00:00', 3, '01HWB00000000000000000001'),
(4, '오 대단해요! 저도 열심히 읽겠습니다!', '2026-05-10 15:00:00', NULL,                  8, '01HWB00000000000000000003'),
(5, '환영해요! 한강 코스 추천드려요~',       '2026-04-03 09:30:00', NULL,                  9, '01HWB00000000000000000005'),
(6, '축하드려요! 다음엔 같이 달려요!',       '2026-05-13 08:00:00', NULL,                  11,'01HWB00000000000000000005');

SET FOREIGN_KEY_CHECKS = 1;
